timestamp,car_id,position,speed,old_beacon_rate,old_power_trans,new_beacon_rate,new_power_trans
2025-02-28 10:52:45,car1,"(501.6, 12.3)",0.0,10,15,10.007495880126953,15.019879341125488
2025-02-28 10:52:45,car2,"(201.6, 212.29999999999998)",0.0,10,15,10.007495880126953,15.019879341125488
2025-02-28 10:52:45,car3,"(512.3, 498.4)",0.0,10,15,10.007495880126953,15.019879341125488
2025-02-28 10:52:46,car1,"(501.6, 13.981283486355096)",1.6812834863550963,10.007495880126953,15.019879341125488,10.014998435974121,15.039754867553711
2025-02-28 10:52:46,car2,"(201.6, 213.60463091160636)",1.304630911606364,10.007495880126953,15.019879341125488,10.014998435974121,15.039754867553711
2025-02-28 10:52:46,car3,"(514.2544257540022, 498.4)",1.9544257540022953,10.007495880126953,15.019879341125488,10.014998435974121,15.039754867553711
2025-02-28 10:52:47,car1,"(501.6, 17.546661891834813)",3.565378405479715,10.014998435974121,15.039754867553711,10.022506713867188,15.059625625610352
2025-02-28 10:52:47,car2,"(201.6, 216.815736077982)",3.2111051663756367,10.014998435974121,15.039754867553711,10.022506713867188,15.059625625610352
2025-02-28 10:52:47,car3,"(517.9361413473496, 498.4)",3.681715593347326,10.014998435974121,15.039754867553711,10.022506713867188,15.059625625610352
2025-02-28 10:52:48,car1,"(501.6, 23.20763422914315)",5.6609723373083405,10.022506713867188,15.059625625610352,10.030021667480469,15.079492568969727
2025-02-28 10:52:48,car2,"(201.6, 222.25160991942974)",5.435873841447755,10.022506713867188,15.059625625610352,10.030021667480469,15.079492568969727
2025-02-28 10:52:48,car3,"(523.2979266594164, 498.4)",5.361785312066786,10.022506713867188,15.059625625610352,10.030021667480469,15.079492568969727
2025-02-28 10:52:48,car4,"(587.6999999999999, 701.6)",0.0,10,15,10.007495880126953,15.019879341125488
2025-02-28 10:52:48,car5,"(298.4, 287.7)",0.0,10,15,10.007495880126953,15.019879341125488
2025-02-28 10:52:49,car1,"(501.6, 30.1856620446546)",6.97802781551145,10.030021667480469,15.079492568969727,10.037543296813965,15.09935474395752
2025-02-28 10:52:49,car2,"(201.6, 230.1023602222325)",7.85075030280277,10.030021667480469,15.079492568969727,10.037543296813965,15.09935474395752
2025-02-28 10:52:49,car3,"(530.0488911374472, 498.4)",6.7509644780308005,10.030021667480469,15.079492568969727,10.037543296813965,15.09935474395752
2025-02-28 10:52:49,car4,"(585.4368226910708, 701.6)",2.2631773089291527,10.007495880126953,15.019879341125488,10.014998435974121,15.039754867553711
2025-02-28 10:52:49,car5,"(298.4, 285.75754510732366)",1.9424548926763237,10.007495880126953,15.019879341125488,10.014998435974121,15.039754867553711
2025-02-28 10:52:50,car1,"(501.6, 39.117787808272986)",8.932125763618387,10.037543296813965,15.09935474395752,10.04507064819336,15.119213104248047
2025-02-28 10:52:50,car2,"(201.6, 240.40598490671255)",10.303624684480019,10.037543296813965,15.09935474395752,10.04507064819336,15.119213104248047
2025-02-28 10:52:50,car3,"(538.9183669117978, 498.4)",8.869475774350576,10.037543296813965,15.09935474395752,10.04507064819336,15.119213104248047
2025-02-28 10:52:50,car4,"(581.084265462216, 701.6)",4.352557228854858,10.014998435974121,15.039754867553711,10.022506713867188,15.059625625610352
2025-02-28 10:52:50,car5,"(298.4, 282.5040580727626)",3.253487034561112,10.014998435974121,15.039754867553711,10.022506713867188,15.059625625610352
2025-02-28 10:52:51,car1,"(501.6, 50.3753899688134)",11.25760216054041,10.04507064819336,15.119213104248047,10.052604675292969,15.139066696166992
2025-02-28 10:52:51,car2,"(201.6, 252.73241394355426)",12.326429036841727,10.04507064819336,15.119213104248047,10.052604675292969,15.139066696166992
2025-02-28 10:52:51,car3,"(549.806599044078, 498.4)",10.888232132280246,10.04507064819336,15.119213104248047,10.052604675292969,15.139066696166992
2025-02-28 10:52:51,car4,"(574.5177022842457, 701.6)",6.566563177970238,10.022506713867188,15.059625625610352,10.030021667480469,15.079492568969727
2025-02-28 10:52:51,car5,"(298.4, 276.9540557021508)",5.5500023706117645,10.022506713867188,15.059625625610352,10.030021667480469,15.079492568969727
2025-02-28 10:52:52,car1,"(501.6, 63.56202107733116)",13.186631108517759,10.052604675292969,15.139066696166992,10.060144424438477,15.158916473388672
2025-02-28 10:52:52,car2,"(201.6, 265.0780445138563)",12.345630570302053,10.052604675292969,15.139066696166992,10.060144424438477,15.158916473388672
2025-02-28 10:52:52,car3,"(562.1305482522584, 498.4)",12.32394920818042,10.052604675292969,15.139066696166992,10.060144424438477,15.158916473388672
2025-02-28 10:52:52,car4,"(566.4288717619842, 701.6)",8.08883052226156,10.030021667480469,15.079492568969727,10.037543296813965,15.09935474395752
2025-02-28 10:52:52,car5,"(298.4, 269.1744863008615)",7.779569401289336,10.030021667480469,15.079492568969727,10.037543296813965,15.09935474395752
2025-02-28 10:52:53,car1,"(501.6, 76.94524301896648)",13.38322194163532,10.060144424438477,15.158916473388672,10.0676908493042,15.17876148223877
2025-02-28 10:52:53,car2,"(201.6, 277.5116838444002)",12.433639330543844,10.060144424438477,15.158916473388672,10.0676908493042,15.17876148223877
2025-02-28 10:52:53,car3,"(575.2930673864148, 498.4)",13.162519134156405,10.060144424438477,15.158916473388672,10.0676908493042,15.17876148223877
2025-02-28 10:52:53,car4,"(555.7687930674059, 701.6)",10.66007869457826,10.037543296813965,15.09935474395752,10.04507064819336,15.119213104248047
2025-02-28 10:52:53,car5,"(298.4, 259.1659435154637)",10.008542785397731,10.037543296813965,15.09935474395752,10.04507064819336,15.119213104248047
2025-02-28 10:52:54,car1,"(501.6, 85.9583644968962)",9.013121477929719,10.0676908493042,15.17876148223877,10.07524299621582,15.198601722717285
2025-02-28 10:52:54,car2,"(201.6, 289.7040054871085)",12.1923216427083,10.0676908493042,15.17876148223877,10.07524299621582,15.198601722717285
2025-02-28 10:52:54,car3,"(585.2560936762761, 498.4)",9.96302628986134,10.0676908493042,15.17876148223877,10.07524299621582,15.198601722717285
2025-02-28 10:52:54,car4,"(543.5519860468106, 701.6)",12.216807020595297,10.04507064819336,15.119213104248047,10.052604675292969,15.139066696166992
2025-02-28 10:52:54,car5,"(298.4, 247.58401961473282)",11.581923900730908,10.04507064819336,15.119213104248047,10.052604675292969,15.139066696166992
2025-02-28 10:52:55,car1,"(501.6, 92.18803250279285)",6.229668005896655,10.07524299621582,15.198601722717285,10.082801818847656,15.218437194824219
2025-02-28 10:52:55,car2,"(201.6, 302.40249453130656)",12.698489044198102,10.07524299621582,15.198601722717285,10.082801818847656,15.218437194824219
2025-02-28 10:52:55,car3,"(590.7489129681167, 498.4)",5.492819291840461,10.07524299621582,15.198601722717285,10.082801818847656,15.218437194824219
2025-02-28 10:52:55,car4,"(530.6349535278711, 701.6)",12.91703251893956,10.052604675292969,15.139066696166992,10.060144424438477,15.158916473388672
2025-02-28 10:52:55,car5,"(298.4, 233.4154134094948)",14.16860620523803,10.052604675292969,15.139066696166992,10.060144424438477,15.158916473388672
2025-02-28 10:52:56,car1,"(500.9451939018434, 93.78220914723487)",1.790618473888981,10.082801818847656,15.218437194824219,10.09036636352539,15.23826789855957
2025-02-28 10:52:56,car2,"(201.6, 314.6300718035143)",12.227577272207743,10.082801818847656,15.218437194824219,10.09036636352539,15.23826789855957
2025-02-28 10:52:56,car3,"(591.7417322599571, 498.4)",0.992819291840461,10.082801818847656,15.218437194824219,10.09036636352539,15.23826789855957
2025-02-28 10:52:56,car4,"(517.0347688964705, 701.6)",13.600184631400628,10.060144424438477,15.158916473388672,10.0676908493042,15.17876148223877
2025-02-28 10:52:56,car5,"(298.4, 221.0630256836701)",12.35238772582468,10.060144424438477,15.158916473388672,10.0676908493042,15.17876148223877
2025-02-28 10:52:57,car1,"(498.4, 92.59215067288967)",3.6991983504284924,10.09036636352539,15.23826789855957,10.09793758392334,15.258094787597656
2025-02-28 10:52:57,car2,"(201.6, 326.76522581814106)",12.135154014626785,10.09036636352539,15.23826789855957,10.09793758392334,15.258094787597656
2025-02-28 10:52:57,car3,"(591.7747297422454, 498.4)",0.032997482288308996,10.09036636352539,15.23826789855957,10.09793758392334,15.258094787597656
2025-02-28 10:52:57,car4,"(507.9345842650698, 701.6)",9.100184631400628,10.0676908493042,15.17876148223877,10.07524299621582,15.198601722717285
2025-02-28 10:52:57,car5,"(298.4, 209.37353778884005)",11.68948789483005,10.0676908493042,15.17876148223877,10.07524299621582,15.198601722717285
2025-02-28 10:52:58,car1,"(498.4, 86.83258149688085)",5.759569176008814,10.09793758392334,15.258094787597656,10.105514526367188,15.27791690826416
2025-02-28 10:52:58,car2,"(201.6, 338.6638190013161)",11.898593183174997,10.09793758392334,15.258094787597656,10.105514526367188,15.27791690826416
2025-02-28 10:52:58,car3,"(591.7896853237693, 498.4)",0.014955581523860546,10.09793758392334,15.258094787597656,10.105514526367188,15.27791690826416
2025-02-28 10:52:58,car4,"(503.3788773679903, 701.0541253382843)",4.600184631400628,10.07524299621582,15.198601722717285,10.082801818847656,15.218437194824219
2025-02-28 10:52:58,car5,"(296.2632268299371, 202.55793609796223)",7.547621067663681,10.07524299621582,15.198601722717285,10.082801818847656,15.218437194824219
2025-02-28 10:52:59,car1,"(498.4, 79.26380781506897)",7.5687736818118765,10.105514526367188,15.27791690826416,10.11309814453125,15.297733306884766
2025-02-28 10:52:59,car2,"(201.6, 350.8220238891805)",12.158204887864446,10.105514526367188,15.27791690826416,10.11309814453125,15.297733306884766
2025-02-28 10:52:59,car3,"(591.7949779591536, 498.4)",0.005292635384383884,10.105514526367188,15.27791690826416,10.11309814453125,15.297733306884766
2025-02-28 10:52:59,car4,"(498.9165580862693, 696.415906603885)",6.681135328609383,10.082801818847656,15.218437194824219,10.09036636352539,15.23826789855957
2025-02-28 10:52:59,car5,"(289.5976258224659, 201.6)",6.858290898710515,10.082801818847656,15.218437194824219,10.09036636352539,15.23826789855957
2025-02-28 10:53:00,car1,"(498.4, 69.45276364617584)",9.811044168893135,10.11309814453125,15.297733306884766,10.120687484741211,15.317544937133789
2025-02-28 10:53:00,car2,"(201.6, 363.5484129618868)",12.726389072706258,10.11309814453125,15.297733306884766,10.120687484741211,15.317544937133789
2025-02-28 10:53:00,car3,"(591.7986244699675, 498.4)",0.0036465108139054625,10.11309814453125,15.297733306884766,10.120687484741211,15.317544937133789
2025-02-28 10:53:00,car4,"(498.4, 688.4346540558371)",8.018610249222693,10.09036636352539,15.23826789855957,10.09793758392334,15.258094787597656
2025-02-28 10:53:00,car5,"(280.5965325677581, 201.6)",9.00109325470778,10.09036636352539,15.23826789855957,10.09793758392334,15.258094787597656
2025-02-28 10:53:01,car1,"(498.4, 57.60326717999658)",11.849496466179264,10.120687484741211,15.317544937133789,10.12828254699707,15.33735179901123
2025-02-28 10:53:01,car2,"(201.6, 376.28856975355916)",12.740156791672378,10.120687484741211,15.317544937133789,10.12828254699707,15.33735179901123
2025-02-28 10:53:01,car3,"(591.7988839612344, 498.4)",0.0002594912668689899,10.120687484741211,15.317544937133789,10.12828254699707,15.33735179901123
2025-02-28 10:53:01,car4,"(498.4, 678.1721678984147)",10.26248615742239,10.09793758392334,15.258094787597656,10.105514526367188,15.27791690826416
2025-02-28 10:53:01,car5,"(269.4744684488521, 201.6)",11.12206411890595,10.09793758392334,15.258094787597656,10.105514526367188,15.27791690826416
2025-02-28 10:53:02,car1,"(498.4, 48.89530080014509)",8.707966379851493,10.12828254699707,15.33735179901123,10.135884284973145,15.35715389251709
2025-02-28 10:53:02,car2,"(201.6, 386.5261675405026)",10.237597786943475,10.12828254699707,15.33735179901123,10.135884284973145,15.35715389251709
2025-02-28 10:53:02,car3,"(591.7989856847291, 498.4)",0.0001017234947048087,10.12828254699707,15.33735179901123,10.135884284973145,15.35715389251709
2025-02-28 10:53:02,car4,"(498.4, 666.1811257697946)",11.991042128620174,10.105514526367188,15.27791690826416,10.11309814453125,15.297733306884766
2025-02-28 10:53:02,car5,"(256.64604013792416, 201.6)",12.82842831092796,10.105514526367188,15.27791690826416,10.11309814453125,15.297733306884766
2025-02-28 10:53:03,car1,"(498.4, 41.68429747763423)",7.211003322510847,10.135884284973145,15.35715389251709,10.143491744995117,15.376951217651367
2025-02-28 10:53:03,car2,"(201.54798362892805, 393.1641145975036)",6.642185338231315,10.135884284973145,15.35715389251709,10.143491744995117,15.376951217651367
2025-02-28 10:53:03,car3,"(591.7989856847291, 498.4)",0.0,10.135884284973145,15.35715389251709,10.143491744995117,15.376951217651367
2025-02-28 10:53:03,car4,"(498.4, 652.4080782631684)",13.77304750662621,10.11309814453125,15.297733306884766,10.120687484741211,15.317544937133789
2025-02-28 10:53:03,car5,"(243.9507260967647, 201.6)",12.695314041159461,10.11309814453125,15.297733306884766,10.120687484741211,15.317544937133789
2025-02-28 10:53:04,car1,"(498.4, 38.91484867990497)",2.769448797729259,10.143491744995117,15.376951217651367,10.151104927062988,15.396743774414062
2025-02-28 10:53:04,car2,"(199.2099449318327, 399.51403304090036)",6.955958886318836,10.143491744995117,15.376951217651367,10.151104927062988,15.396743774414062
2025-02-28 10:53:04,car3,"(591.7989856847291, 498.4)",0.0,10.143491744995117,15.376951217651367,10.151104927062988,15.396743774414062
2025-02-28 10:53:04,car4,"(498.4, 638.6447309993912)",13.763347263777142,10.120687484741211,15.317544937133789,10.12828254699707,15.33735179901123
2025-02-28 10:53:04,car5,"(235.75541205560523, 201.6)",8.195314041159461,10.120687484741211,15.317544937133789,10.12828254699707,15.33735179901123
2025-02-28 10:53:05,car1,"(498.4, 38.50069701232409)",0.4141516675808921,10.151104927062988,15.396743774414062,10.158724784851074,15.41653060913086
2025-02-28 10:53:05,car2,"(192.72558274747112, 401.6)",6.950105487476099,10.151104927062988,15.396743774414062,10.158724784851074,15.41653060913086
2025-02-28 10:53:05,car3,"(591.7989856847291, 498.4)",0.0,10.151104927062988,15.396743774414062,10.158724784851074,15.41653060913086
2025-02-28 10:53:05,car4,"(498.4, 624.6912464180703)",13.953484581320991,10.12828254699707,15.33735179901123,10.135884284973145,15.35715389251709
2025-02-28 10:53:05,car5,"(231.48640894496262, 201.6)",4.269003110642631,10.12828254699707,15.33735179901123,10.135884284973145,15.35715389251709
2025-02-28 10:53:06,car1,"(498.4, 38.2838781010062)",0.21681891131788417,10.158724784851074,15.41653060913086,10.166350364685059,15.436312675476074
2025-02-28 10:53:06,car2,"(183.3626564378548, 401.6)",9.3629263096163,10.158724784851074,15.41653060913086,10.166350364685059,15.436312675476074
2025-02-28 10:53:06,car3,"(591.7989856847291, 498.4)",0.0,10.158724784851074,15.41653060913086,10.166350364685059,15.436312675476074
2025-02-28 10:53:06,car4,"(498.4, 613.0558558955986)",11.635390522471686,10.135884284973145,15.35715389251709,10.143491744995117,15.376951217651367
2025-02-28 10:53:06,car5,"(231.11611107151495, 201.6)",0.3702978734476763,10.135884284973145,15.35715389251709,10.143491744995117,15.376951217651367
2025-02-28 10:53:07,car1,"(498.4, 38.210555966710274)",0.07332213429592614,10.166350364685059,15.436312675476074,10.173981666564941,15.45608901977539
2025-02-28 10:53:07,car2,"(172.68829288541113, 401.6)",10.674363552443678,10.166350364685059,15.436312675476074,10.173981666564941,15.45608901977539
2025-02-28 10:53:07,car3,"(591.7989856847291, 498.4)",0.0,10.166350364685059,15.436312675476074,10.173981666564941,15.45608901977539
2025-02-28 10:53:07,car4,"(498.5806874651817, 605.935187743728)",7.1353905224716865,10.143491744995117,15.376951217651367,10.151104927062988,15.396743774414062
2025-02-28 10:53:07,car5,"(230.81871162003932, 201.6)",0.29739945147561464,10.143491744995117,15.376951217651367,10.151104927062988,15.396743774414062
2025-02-28 10:53:08,car1,"(498.4, 38.20707752984142)",0.003478436868850832,10.173981666564941,15.45608901977539,10.181619644165039,15.475860595703125
2025-02-28 10:53:08,car2,"(160.34747530619268, 401.6)",12.340817579218454,10.173981666564941,15.45608901977539,10.181619644165039,15.475860595703125
2025-02-28 10:53:08,car3,"(591.7989856847291, 498.4)",0.0,10.173981666564941,15.45608901977539,10.181619644165039,15.475860595703125
2025-02-28 10:53:08,car4,"(502.5814296845294, 599.4111421892824)",8.134231054755364,10.151104927062988,15.396743774414062,10.158724784851074,15.41653060913086
2025-02-28 10:53:08,car5,"(230.74446323635635, 201.6)",0.07424838368298642,10.151104927062988,15.396743774414062,10.158724784851074,15.41653060913086
2025-02-28 10:53:09,car1,"(498.4, 38.20628160658869)",0.0007959232527317176,10.181619644165039,15.475860595703125,10.189263343811035,15.495626449584961
2025-02-28 10:53:09,car2,"(148.2739672391489, 401.6)",12.073508067043765,10.181619644165039,15.475860595703125,10.189263343811035,15.495626449584961
2025-02-28 10:53:09,car3,"(591.7989856847291, 498.4)",0.0,10.181619644165039,15.475860595703125,10.189263343811035,15.495626449584961
2025-02-28 10:53:09,car4,"(510.3208900239746, 598.4)",7.907124342346069,10.158724784851074,15.41653060913086,10.166350364685059,15.436312675476074
2025-02-28 10:53:09,car5,"(230.70796788200755, 201.6)",0.03649535434878078,10.158724784851074,15.41653060913086,10.166350364685059,15.436312675476074
2025-02-28 10:53:10,car1,"(498.4, 38.20563127747056)",0.0006503291181284535,10.189263343811035,15.495626449584961,10.19691276550293,15.515387535095215
2025-02-28 10:53:10,car2,"(135.806539636146, 401.6)",12.467427603002905,10.189263343811035,15.495626449584961,10.19691276550293,15.515387535095215
2025-02-28 10:53:10,car3,"(591.7989856847291, 498.4)",0.0,10.189263343811035,15.495626449584961,10.19691276550293,15.515387535095215
2025-02-28 10:53:10,car4,"(520.8097707850079, 598.4)",10.48888076103336,10.166350364685059,15.436312675476074,10.173981666564941,15.45608901977539
2025-02-28 10:53:10,car5,"(230.7055602443211, 201.6)",0.002407637686453917,10.166350364685059,15.436312675476074,10.173981666564941,15.45608901977539
2025-02-28 10:53:11,car1,"(498.4, 38.205286713306556)",0.0003445641640125695,10.19691276550293,15.515387535095215,10.204567909240723,15.53514289855957
2025-02-28 10:53:11,car2,"(125.36275561971479, 401.6)",10.443784016431215,10.19691276550293,15.515387535095215,10.204567909240723,15.53514289855957
2025-02-28 10:53:11,car3,"(591.7989856847291, 498.4)",0.0,10.19691276550293,15.515387535095215,10.204567909240723,15.53514289855957
2025-02-28 10:53:11,car4,"(532.6119464709301, 598.4)",11.802175685922121,10.173981666564941,15.45608901977539,10.181619644165039,15.475860595703125
2025-02-28 10:53:11,car5,"(230.70434244759917, 201.6)",0.0012177967219260072,10.173981666564941,15.45608901977539,10.181619644165039,15.475860595703125
2025-02-28 10:53:12,car1,"(498.4, 38.205286713306556)",0.0,10.204567909240723,15.53514289855957,10.212228775024414,15.554892539978027
2025-02-28 10:53:12,car2,"(118.83006340159467, 401.6)",6.532692218120117,10.204567909240723,15.53514289855957,10.212228775024414,15.554892539978027
2025-02-28 10:53:12,car3,"(591.7989856847291, 498.4)",0.0,10.204567909240723,15.53514289855957,10.212228775024414,15.554892539978027
2025-02-28 10:53:12,car4,"(545.9049993890247, 598.4)",13.293052918094656,10.181619644165039,15.475860595703125,10.189263343811035,15.495626449584961
2025-02-28 10:53:12,car5,"(230.7041353040597, 201.6)",0.0002071435394927433,10.181619644165039,15.475860595703125,10.189263343811035,15.495626449584961
2025-02-28 10:53:13,car1,"(498.4, 38.205286713306556)",0.0,10.212228775024414,15.554892539978027,10.21989631652832,15.574637413024902
2025-02-28 10:53:13,car2,"(115.80485276796297, 401.6)",3.0252106336317004,10.212228775024414,15.554892539978027,10.21989631652832,15.574637413024902
2025-02-28 10:53:13,car3,"(591.7989856847291, 498.4)",0.0,10.212228775024414,15.554892539978027,10.21989631652832,15.574637413024902
2025-02-28 10:53:13,car4,"(560.1160582283919, 598.4)",14.211058839367217,10.189263343811035,15.495626449584961,10.19691276550293,15.515387535095215
2025-02-28 10:53:13,car5,"(230.7041353040597, 201.6)",0.0,10.189263343811035,15.495626449584961,10.19691276550293,15.515387535095215
2025-02-28 10:53:14,car1,"(498.4, 38.205119488650766)",0.00016722465578239523,10.21989631652832,15.574637413024902,10.227569580078125,15.594376564025879
2025-02-28 10:53:14,car2,"(115.72234208059534, 401.6)",0.08251068736762467,10.21989631652832,15.574637413024902,10.227569580078125,15.594376564025879
2025-02-28 10:53:14,car3,"(591.7989856847291, 498.4)",0.0,10.21989631652832,15.574637413024902,10.227569580078125,15.594376564025879
2025-02-28 10:53:14,car4,"(573.0614537016463, 598.4)",12.945395473254358,10.19691276550293,15.515387535095215,10.204567909240723,15.53514289855957
2025-02-28 10:53:14,car5,"(230.7041353040597, 201.6)",0.0,10.19691276550293,15.515387535095215,10.204567909240723,15.53514289855957
2025-02-28 10:53:15,car1,"(498.4, 38.205119488650766)",0.0,10.227569580078125,15.594376564025879,10.235248565673828,15.614109992980957
2025-02-28 10:53:15,car2,"(115.71133053727932, 401.6)",0.011011543316013273,10.227569580078125,15.594376564025879,10.235248565673828,15.614109992980957
2025-02-28 10:53:15,car3,"(591.7989856847291, 498.4)",0.0,10.227569580078125,15.594376564025879,10.235248565673828,15.614109992980957
2025-02-28 10:53:15,car4,"(583.306498188555, 598.4)",10.245044486908784,10.204567909240723,15.53514289855957,10.212228775024414,15.554892539978027
2025-02-28 10:53:15,car5,"(230.7041353040597, 201.6)",0.0,10.204567909240723,15.53514289855957,10.212228775024414,15.554892539978027
2025-02-28 10:53:16,car1,"(498.4, 38.205119488650766)",0.0,10.235248565673828,15.614109992980957,10.24293327331543,15.633837699890137
2025-02-28 10:53:16,car2,"(115.70498690102038, 401.6)",0.006343636258940301,10.235248565673828,15.614109992980957,10.24293327331543,15.633837699890137
2025-02-28 10:53:16,car3,"(591.7989856847291, 498.4)",0.0,10.235248565673828,15.614109992980957,10.24293327331543,15.633837699890137
2025-02-28 10:53:16,car4,"(589.0515426754638, 598.4)",5.7450444869087836,10.212228775024414,15.554892539978027,10.21989631652832,15.574637413024902
2025-02-28 10:53:16,car5,"(230.7041353040597, 201.6)",0.0,10.212228775024414,15.554892539978027,10.21989631652832,15.574637413024902
2025-02-28 10:53:17,car1,"(498.4, 38.205119488650766)",0.0,10.24293327331543,15.633837699890137,10.25062370300293,15.653559684753418
2025-02-28 10:53:17,car2,"(115.7029258012301, 401.6)",0.002061099790280821,10.24293327331543,15.633837699890137,10.25062370300293,15.653559684753418
2025-02-28 10:53:17,car3,"(591.7989856847291, 498.4)",0.0,10.24293327331543,15.633837699890137,10.25062370300293,15.653559684753418
2025-02-28 10:53:17,car4,"(591.196690136102, 598.4)",2.1451474606381615,10.21989631652832,15.574637413024902,10.227569580078125,15.594376564025879
2025-02-28 10:53:17,car5,"(230.7041353040597, 201.6)",0.0,10.21989631652832,15.574637413024902,10.227569580078125,15.594376564025879
2025-02-28 10:53:18,car1,"(498.4, 38.205119488650766)",0.0,10.25062370300293,15.653559684753418,10.258319854736328,15.6732759475708
2025-02-28 10:53:18,car2,"(115.70217236307874, 401.6)",0.00075343815134966,10.25062370300293,15.653559684753418,10.258319854736328,15.6732759475708
2025-02-28 10:53:18,car3,"(591.7989856847291, 498.4)",0.0,10.25062370300293,15.653559684753418,10.258319854736328,15.6732759475708
2025-02-28 10:53:18,car4,"(591.738102952849, 598.4)",0.5414128167470532,10.227569580078125,15.594376564025879,10.235248565673828,15.614109992980957
2025-02-28 10:53:18,car5,"(230.7041353040597, 201.6)",0.0,10.227569580078125,15.594376564025879,10.235248565673828,15.614109992980957
2025-02-28 10:53:19,car1,"(498.4, 38.205119488650766)",0.0,10.258319854736328,15.6732759475708,10.266021728515625,15.692986488342285
2025-02-28 10:53:19,car2,"(115.70217236307874, 401.6)",0.0,10.258319854736328,15.6732759475708,10.266021728515625,15.692986488342285
2025-02-28 10:53:19,car3,"(591.7989856847291, 498.4)",0.0,10.258319854736328,15.6732759475708,10.266021728515625,15.692986488342285
2025-02-28 10:53:19,car4,"(591.7709853201178, 598.4)",0.03288236726874091,10.235248565673828,15.614109992980957,10.24293327331543,15.633837699890137
2025-02-28 10:53:19,car5,"(230.7041353040597, 201.6)",0.0,10.235248565673828,15.614109992980957,10.24293327331543,15.633837699890137
2025-02-28 10:53:20,car1,"(498.4, 38.205119488650766)",0.0,10.266021728515625,15.692986488342285,10.27372932434082,15.712691307067871
2025-02-28 10:53:20,car2,"(115.70217236307874, 401.6)",0.0,10.266021728515625,15.692986488342285,10.27372932434082,15.712691307067871
2025-02-28 10:53:20,car3,"(591.7989856847291, 498.4)",0.0,10.266021728515625,15.692986488342285,10.27372932434082,15.712691307067871
2025-02-28 10:53:20,car4,"(591.791659577971, 598.4)",0.020674257853283796,10.24293327331543,15.633837699890137,10.25062370300293,15.653559684753418
2025-02-28 10:53:20,car5,"(230.7041353040597, 201.6)",0.0,10.24293327331543,15.633837699890137,10.25062370300293,15.653559684753418
2025-02-28 10:53:21,car1,"(498.4, 38.205119488650766)",0.0,10.27372932434082,15.712691307067871,10.281442642211914,15.732390403747559
2025-02-28 10:53:21,car2,"(115.70206088300525, 401.6)",0.00011148007350459245,10.27372932434082,15.712691307067871,10.281442642211914,15.732390403747559
2025-02-28 10:53:21,car3,"(591.7989856847291, 498.4)",0.0,10.27372932434082,15.712691307067871,10.281442642211914,15.732390403747559
2025-02-28 10:53:21,car4,"(591.7959617245267, 598.4)",0.004302146555705721,10.25062370300293,15.653559684753418,10.258319854736328,15.6732759475708
2025-02-28 10:53:21,car5,"(230.7041353040597, 201.6)",0.0,10.25062370300293,15.653559684753418,10.258319854736328,15.6732759475708
2025-02-28 10:53:22,car1,"(498.4, 38.205119488650766)",0.0,10.281442642211914,15.732390403747559,10.289161682128906,15.752083778381348
2025-02-28 10:53:22,car2,"(115.70206088300525, 401.6)",0.0,10.281442642211914,15.732390403747559,10.289161682128906,15.752083778381348
2025-02-28 10:53:22,car3,"(591.7989856847291, 498.4)",0.0,10.281442642211914,15.732390403747559,10.289161682128906,15.752083778381348
2025-02-28 10:53:22,car4,"(591.798443163986, 598.4)",0.0024814394592268603,10.258319854736328,15.6732759475708,10.266021728515625,15.692986488342285
2025-02-28 10:53:22,car5,"(230.7041353040597, 201.6)",0.0,10.258319854736328,15.6732759475708,10.266021728515625,15.692986488342285
2025-02-28 10:53:23,car1,"(498.4, 38.205119488650766)",0.0,10.289161682128906,15.752083778381348,10.296886444091797,15.771771430969238
2025-02-28 10:53:23,car2,"(115.70206088300525, 401.6)",0.0,10.289161682128906,15.752083778381348,10.296886444091797,15.771771430969238
2025-02-28 10:53:23,car3,"(591.7989856847291, 498.4)",0.0,10.289161682128906,15.752083778381348,10.296886444091797,15.771771430969238
2025-02-28 10:53:24,car4,"(591.7988340157715, 598.4)",0.00039085178545875045,10.266021728515625,15.692986488342285,10.27372932434082,15.712691307067871
2025-02-28 10:53:24,car5,"(230.7041353040597, 201.6)",0.0,10.266021728515625,15.692986488342285,10.27372932434082,15.712691307067871
2025-02-28 10:53:25,car1,"(498.4, 38.205119488650766)",0.0,10.296886444091797,15.771771430969238,10.304616928100586,15.79145336151123
2025-02-28 10:53:25,car2,"(115.70206088300525, 401.6)",0.0,10.296886444091797,15.771771430969238,10.304616928100586,15.79145336151123
2025-02-28 10:53:25,car3,"(591.7989856847291, 498.4)",0.0,10.296886444091797,15.771771430969238,10.304616928100586,15.79145336151123
2025-02-28 10:53:25,car4,"(591.7989640512033, 598.4)",0.00013003543177199576,10.27372932434082,15.712691307067871,10.281442642211914,15.732390403747559
2025-02-28 10:53:25,car5,"(230.7041353040597, 201.6)",0.0,10.27372932434082,15.712691307067871,10.281442642211914,15.732390403747559
2025-02-28 10:53:26,car1,"(498.4, 38.205119488650766)",0.0,10.304616928100586,15.79145336151123,10.312353134155273,15.811129570007324
2025-02-28 10:53:26,car2,"(115.70206088300525, 401.6)",0.0,10.304616928100586,15.79145336151123,10.312353134155273,15.811129570007324
2025-02-28 10:53:26,car3,"(591.7989856847291, 498.4)",0.0,10.304616928100586,15.79145336151123,10.312353134155273,15.811129570007324
2025-02-28 10:53:26,car4,"(591.7989640512033, 598.4)",0.0,10.281442642211914,15.732390403747559,10.289161682128906,15.752083778381348
2025-02-28 10:53:26,car5,"(230.7041353040597, 201.6)",0.0,10.281442642211914,15.732390403747559,10.289161682128906,15.752083778381348
2025-02-28 10:53:27,car1,"(498.4, 38.205119488650766)",0.0,10.312353134155273,15.811129570007324,10.32009506225586,15.830799102783203
2025-02-28 10:53:27,car2,"(115.70206088300525, 401.6)",0.0,10.312353134155273,15.811129570007324,10.32009506225586,15.830799102783203
2025-02-28 10:53:27,car3,"(591.7989856847291, 498.4)",0.0,10.312353134155273,15.811129570007324,10.32009506225586,15.830799102783203
2025-02-28 10:53:27,car4,"(591.7989640512033, 598.4)",0.0,10.289161682128906,15.752083778381348,10.296886444091797,15.771771430969238
2025-02-28 10:53:27,car5,"(230.7041353040597, 201.6)",0.0,10.289161682128906,15.752083778381348,10.296886444091797,15.771771430969238
2025-02-28 10:53:28,car1,"(498.4, 38.205119488650766)",0.0,10.32009506225586,15.830799102783203,10.327842712402344,15.850462913513184
2025-02-28 10:53:28,car2,"(115.70206088300525, 401.6)",0.0,10.32009506225586,15.830799102783203,10.327842712402344,15.850462913513184
2025-02-28 10:53:28,car3,"(591.7989856847291, 498.4)",0.0,10.32009506225586,15.830799102783203,10.327842712402344,15.850462913513184
2025-02-28 10:53:28,car4,"(591.7989640512033, 598.4)",0.0,10.296886444091797,15.771771430969238,10.304616928100586,15.79145336151123
2025-02-28 10:53:28,car5,"(230.7041353040597, 201.6)",0.0,10.296886444091797,15.771771430969238,10.304616928100586,15.79145336151123
2025-02-28 10:53:29,car1,"(498.4, 38.205119488650766)",0.0,10.327842712402344,15.850462913513184,10.335596084594727,15.870121002197266
2025-02-28 10:53:29,car2,"(115.70206088300525, 401.6)",0.0,10.327842712402344,15.850462913513184,10.335596084594727,15.870121002197266
2025-02-28 10:53:29,car3,"(591.7989856847291, 498.4)",0.0,10.327842712402344,15.850462913513184,10.335596084594727,15.870121002197266
2025-02-28 10:53:29,car4,"(591.7989640512033, 598.4)",0.0,10.304616928100586,15.79145336151123,10.312353134155273,15.811129570007324
2025-02-28 10:53:29,car5,"(230.7041353040597, 201.6)",0.0,10.304616928100586,15.79145336151123,10.312353134155273,15.811129570007324
2025-02-28 10:53:30,car1,"(498.4, 38.205119488650766)",0.0,10.335596084594727,15.870121002197266,10.343355178833008,15.889772415161133
2025-02-28 10:53:30,car2,"(115.70206088300525, 401.6)",0.0,10.335596084594727,15.870121002197266,10.343355178833008,15.889772415161133
2025-02-28 10:53:30,car3,"(591.7989856847291, 498.4)",0.0,10.335596084594727,15.870121002197266,10.343355178833008,15.889772415161133
2025-02-28 10:53:30,car4,"(591.7989640512033, 598.4)",0.0,10.312353134155273,15.811129570007324,10.32009506225586,15.830799102783203
2025-02-28 10:53:30,car5,"(230.7041353040597, 201.6)",0.0,10.312353134155273,15.811129570007324,10.32009506225586,15.830799102783203
2025-02-28 10:53:31,car1,"(498.4, 38.205119488650766)",0.0,10.343355178833008,15.889772415161133,10.351119995117188,15.909418106079102
2025-02-28 10:53:31,car2,"(115.70206088300525, 401.6)",0.0,10.343355178833008,15.889772415161133,10.351119995117188,15.909418106079102
2025-02-28 10:53:31,car3,"(593.1149266749131, 498.35501047501236)",1.319088497548364,10.343355178833008,15.889772415161133,10.351119995117188,15.909418106079102
2025-02-28 10:53:31,car4,"(593.2931327720866, 598.4)",1.4941687208833174,10.32009506225586,15.830799102783203,10.327842712402344,15.850462913513184
2025-02-28 10:53:31,car5,"(230.7041353040597, 201.6)",0.0,10.32009506225586,15.830799102783203,10.327842712402344,15.850462913513184
2025-02-28 10:53:32,car1,"(498.4, 38.205119488650766)",0.0,10.351119995117188,15.909418106079102,10.358890533447266,15.929057121276855
2025-02-28 10:53:32,car2,"(113.65142603453279, 401.6)",2.0506348484724595,10.351119995117188,15.909418106079102,10.358890533447266,15.929057121276855
2025-02-28 10:53:32,car3,"(595.9937068301266, 497.60377590192405)",3.0235801111208276,10.351119995117188,15.909418106079102,10.358890533447266,15.929057121276855
2025-02-28 10:53:32,car4,"(596.6391082593467, 598.4)",3.345975487260148,10.327842712402344,15.850462913513184,10.335596084594727,15.870121002197266
2025-02-28 10:53:32,car5,"(230.7041353040597, 201.6)",0.0,10.327842712402344,15.850462913513184,10.335596084594727,15.870121002197266
2025-02-28 10:53:33,car1,"(498.4, 38.205119488650766)",0.0,10.358890533447266,15.929057121276855,10.366666793823242,15.948690414428711
2025-02-28 10:53:33,car2,"(111.94295141042025, 401.6)",1.7084746241125421,10.358890533447266,15.929057121276855,10.366666793823242,15.948690414428711
2025-02-28 10:53:33,car3,"(598.292767295253, 493.55062893322815)",4.9302146775415165,10.358890533447266,15.929057121276855,10.366666793823242,15.948690414428711
2025-02-28 10:53:33,car4,"(601.5908766721137, 598.4)",4.951768412766977,10.335596084594727,15.870121002197266,10.343355178833008,15.889772415161133
2025-02-28 10:53:33,car5,"(230.7041353040597, 201.6)",0.0,10.335596084594727,15.870121002197266,10.343355178833008,15.889772415161133
2025-02-28 10:53:34,car1,"(498.4, 38.205119488650766)",0.0,10.366666793823242,15.948690414428711,10.374448776245117,15.968317031860352
2025-02-28 10:53:34,car2,"(110.76057279442443, 401.6)",1.182378615995814,10.366666793823242,15.948690414428711,10.374448776245117,15.968317031860352
2025-02-28 10:53:34,car3,"(598.4, 487.2845561576284)",6.27357487143176,10.366666793823242,15.948690414428711,10.374448776245117,15.968317031860352
2025-02-28 10:53:34,car4,"(608.2252399758198, 598.4)",6.634363303706049,10.343355178833008,15.889772415161133,10.351119995117188,15.909418106079102
2025-02-28 10:53:34,car5,"(229.61818185263468, 201.6)",1.085953451425034,10.343355178833008,15.889772415161133,10.351119995117188,15.909418106079102
2025-02-28 10:53:35,car1,"(498.4, 37.70308845986703)",0.5020310287837312,10.374448776245117,15.968317031860352,10.38223648071289,15.987937927246094
2025-02-28 10:53:35,car2,"(110.737662912875, 401.6)",0.0229098815494346,10.374448776245117,15.968317031860352,10.38223648071289,15.987937927246094
2025-02-28 10:53:35,car3,"(598.4, 479.2462797205156)",8.038276437112785,10.374448776245117,15.968317031860352,10.38223648071289,15.987937927246094
2025-02-28 10:53:35,car4,"(616.8677236374929, 598.4)",8.642483661673031,10.351119995117188,15.909418106079102,10.358890533447266,15.929057121276855
2025-02-28 10:53:35,car5,"(226.82584243772965, 201.6)",2.792339414905022,10.351119995117188,15.909418106079102,10.358890533447266,15.929057121276855
2025-02-28 10:53:36,car1,"(498.4, 36.484299197990744)",1.2187892618762992,10.38223648071289,15.987937927246094,10.390028953552246,16.007551193237305
2025-02-28 10:53:36,car2,"(108.9137133829101, 401.6)",1.8239495299648878,10.38223648071289,15.987937927246094,10.390028953552246,16.007551193237305
2025-02-28 10:53:36,car3,"(598.4, 469.7506478478377)",9.4956318726779,10.38223648071289,15.987937927246094,10.390028953552246,16.007551193237305
2025-02-28 10:53:36,car4,"(626.8673095477973, 598.4)",9.999585910304448,10.358890533447266,15.929057121276855,10.366666793823242,15.948690414428711
2025-02-28 10:53:36,car5,"(222.10523166219912, 201.6)",4.720610775530535,10.358890533447266,15.929057121276855,10.366666793823242,15.948690414428711
2025-02-28 10:53:37,car1,"(498.4, 33.17501508260019)",3.309284115390546,10.390028953552246,16.007551193237305,10.3978271484375,16.027158737182617
2025-02-28 10:53:37,car2,"(104.67715439667522, 401.6)",4.23655898623489,10.390028953552246,16.007551193237305,10.3978271484375,16.027158737182617
2025-02-28 10:53:37,car3,"(598.4, 458.74503789927553)",11.005609948562181,10.390028953552246,16.007551193237305,10.3978271484375,16.027158737182617
2025-02-28 10:53:37,car4,"(639.338300441787, 598.4)",12.4709908939898,10.366666793823242,15.948690414428711,10.374448776245117,15.968317031860352
2025-02-28 10:53:37,car5,"(216.1977887367272, 201.6)",5.90744292547192,10.366666793823242,15.948690414428711,10.374448776245117,15.968317031860352
2025-02-28 10:53:38,car1,"(498.4, 28.794585401651133)",4.380429680949059,10.3978271484375,16.027158737182617,10.405631065368652,16.04676055908203
2025-02-28 10:53:38,car2,"(98.98051187065637, 401.6)",5.696642526018844,10.3978271484375,16.027158737182617,10.405631065368652,16.04676055908203
2025-02-28 10:53:38,car3,"(598.4, 446.07871798303955)",12.666319916235937,10.3978271484375,16.027158737182617,10.405631065368652,16.04676055908203
2025-02-28 10:53:38,car4,"(652.9244946583667, 598.4)",13.586194216579644,10.374448776245117,15.968317031860352,10.38223648071289,15.987937927246094
2025-02-28 10:53:38,car5,"(208.1780184129188, 201.6)",8.019770323808412,10.374448776245117,15.968317031860352,10.38223648071289,15.987937927246094
2025-02-28 10:53:39,car1,"(498.4, 22.008978325982284)",6.785607075668854,10.405631065368652,16.04676055908203,10.413440704345703,16.066354751586914
2025-02-28 10:53:39,car2,"(91.36998779267425, 401.6)",7.610524077982122,10.405631065368652,16.04676055908203,10.413440704345703,16.066354751586914
2025-02-28 10:53:39,car3,"(598.4, 431.5044907666125)",14.574227216427085,10.405631065368652,16.04676055908203,10.413440704345703,16.066354751586914
2025-02-28 10:53:39,car4,"(666.8466105359665, 598.4)",13.9221158775999,10.38223648071289,15.987937927246094,10.390028953552246,16.007551193237305
2025-02-28 10:53:39,car5,"(202.03637850325737, 204.60603582790435)",7.365668749556903,10.38223648071289,15.987937927246094,10.390028953552246,16.007551193237305
2025-02-28 10:53:40,car1,"(498.4, 16.571724451866075)",5.437253874116202,10.413440704345703,16.066354751586914,10.421256065368652,16.0859432220459
2025-02-28 10:53:40,car2,"(81.58160185937336, 401.6)",9.78838593330089,10.413440704345703,16.066354751586914,10.421256065368652,16.0859432220459
2025-02-28 10:53:40,car3,"(598.4, 419.35992667330936)",12.144564093303135,10.413440704345703,16.066354751586914,10.421256065368652,16.0859432220459
2025-02-28 10:53:40,car4,"(679.852061264389, 598.4)",13.005450728422476,10.390028953552246,16.007551193237305,10.3978271484375,16.027158737182617
2025-02-28 10:53:40,car5,"(201.6, 211.24888094560714)",6.691230608969022,10.390028953552246,16.007551193237305,10.3978271484375,16.027158737182617
2025-02-28 10:53:41,car1,"(498.4, 12.494262918139171)",4.077461533726903,10.421256065368652,16.0859432220459,10.429076194763184,16.105525970458984
2025-02-28 10:53:41,car2,"(69.97713391933301, 401.6)",11.604467940040342,10.421256065368652,16.0859432220459,10.429076194763184,16.105525970458984
2025-02-28 10:53:41,car3,"(598.4, 411.71536258000623)",7.644564093303135,10.421256065368652,16.0859432220459,10.429076194763184,16.105525970458984
2025-02-28 10:53:41,car4,"(691.7561432447101, 598.4)",11.904081980321061,10.3978271484375,16.027158737182617,10.405631065368652,16.04676055908203
2025-02-28 10:53:41,car5,"(201.6, 220.14435480225282)",8.895473856645662,10.3978271484375,16.027158737182617,10.405631065368652,16.04676055908203
2025-02-28 10:53:42,car1,"(498.4, 8.661238369274884)",3.8330245488642833,10.429076194763184,16.105525970458984,10.436902046203613,16.12510108947754
2025-02-28 10:53:42,car2,"(57.7911436695844, 401.6)",12.18599024974861,10.429076194763184,16.105525970458984,10.436902046203613,16.12510108947754
2025-02-28 10:53:42,car3,"(598.4, 408.5707984867031)",3.144564093303135,10.429076194763184,16.105525970458984,10.436902046203613,16.12510108947754
2025-02-28 10:53:42,car4,"(699.3347707930566, 600.5608624758339)",8.062798989816075,10.405631065368652,16.04676055908203,10.413440704345703,16.066354751586914
2025-02-28 10:53:42,car5,"(201.6, 231.46552548068865)",11.32117067843585,10.405631065368652,16.04676055908203,10.413440704345703,16.066354751586914
2025-02-28 10:53:43,car1,"(499.3908157810832, 2.615307031528079)",6.206374608175189,10.436902046203613,16.12510108947754,10.444733619689941,16.144670486450195
2025-02-28 10:53:43,car2,"(45.55392497127347, 401.6)",12.237218698310933,10.436902046203613,16.12510108947754,10.444733619689941,16.144670486450195
2025-02-28 10:53:43,car3,"(598.4, 408.30097631402464)",0.26982217267842623,10.436902046203613,16.12510108947754,10.444733619689941,16.144670486450195
2025-02-28 10:53:43,car4,"(701.6, 608.1929318213242)",8.16398958679798,10.413440704345703,16.066354751586914,10.421256065368652,16.0859432220459
2025-02-28 10:53:43,car5,"(201.6, 244.52481082101087)",13.059285340322207,10.413440704345703,16.066354751586914,10.421256065368652,16.0859432220459
2025-02-28 10:53:44,car1,"(506.1737367430803, -1.4533909632971924)",8.408343604983365,10.444733619689941,16.144670486450195,10.452569961547852,16.16423225402832
2025-02-28 10:53:44,car2,"(33.29042655802614, 401.6)",12.263498413247323,10.444733619689941,16.144670486450195,10.452569961547852,16.16423225402832
2025-02-28 10:53:44,car3,"(598.4, 408.208834169402)",0.09214214462263816,10.444733619689941,16.144670486450195,10.452569961547852,16.16423225402832
2025-02-28 10:53:44,car4,"(701.6, 618.3324966012331)",10.139564779908833,10.421256065368652,16.0859432220459,10.429076194763184,16.105525970458984
2025-02-28 10:53:44,car5,"(201.6, 259.6042188000038)",15.079407978992935,10.421256065368652,16.0859432220459,10.429076194763184,16.105525970458984
